Code, Year, Type, File Name, Author - Title, URL
BSD - APF, ?, Short-story, Delavrancea_ApaSiFoc.txt, 'Barbu Ştefănescu Delavrancea - Apă și foc', 'https://ro.wikisource.org/wiki/Ap%C4%83_%C8%99i_foc'
BSD - BNA, 1893, Short-story, Delavrancea_Bunica.txt, 'Barbu Ştefănescu Delavrancea - Bunica', 'https://www.povesti-pentru-copii.com/barbu-stefanescu-delavrancea/bunica.html'
BSD - BNC, 1893, Short-story, Delavrancea_Bunicul.txt, 'Barbu Ştefănescu Delavrancea - Bunicul', 'https://www.povesti-pentru-copii.com/barbu-stefanescu-delavrancea/bunicul.html'
BSD - BSL, 1893, Short-story, Delavrancea_Bursierul.txt, 'Barbu Ştefănescu Delavrancea - Bursierul', 'https://ro.wikisource.org/wiki/Bursierul'
BSD - BSO, ?, Short-story, Delavrancea_BoacaSiOnea.txt, 'Barbu Ştefănescu Delavrancea - Boaca și Onea', 'https://ro.wikisource.org/wiki/Boaca_%C8%99i_Onea'
BSD - DAD, ?, Short-story, Delavrancea_DeAziSiDeDemult.txt, 'Barbu Ştefănescu Delavrancea - De azi și de demult', 'https://ro.wikisource.org/wiki/De_azi_%C8%99i_de_demult'
BSD - DLC, 1893, Short-story, Delavrancea_DouaLacrimi.txt, 'Barbu Ştefănescu Delavrancea - Două lacrîmi', 'https://ro.wikisource.org/wiki/Dou%C4%83_lacr%C3%AEmi'
BSD - DLV, 1893, Short-story, Delavrancea_DomnulVucea.txt, 'Barbu Ştefănescu Delavrancea - Domnul Vucea', 'https://ro.wikisource.org/wiki/Domnul_Vucea'
BSD - DMT, ?, Short-story, Delavrancea_DinMemoriileTrubadurului.txt, 'Barbu Ştefănescu Delavrancea - Din memoriile Trubadurului', 'https://ro.wikisource.org/wiki/Din_memoriile_Trubadurului'
BSD - DPD, ?, Fairy-tale, Delavrancea_DeparteDeparte.txt, 'Barbu Ştefănescu Delavrancea - Departe, departe', 'https://www.povesti-pentru-copii.com/barbu-stefanescu-delavrancea/departe-departe.html'
BSD - FNT, 1884, Short-story, Delavrancea_FantaCella.txt, 'Barbu Ştefănescu Delavrancea - Fanta-Cella', 'https://ro.wikisource.org/wiki/Fanta-Cella'
BSD - FTM, ?, Short-story, Delavrancea_FataMosului.txt, 'Barbu Ştefănescu Delavrancea - Fata moşului', 'https://www.povesti-pentru-copii.com/barbu-stefanescu-delavrancea/fata-mosului.html'
BSD - HGT, 1887, Short-story, Delavrancea_HagiTudose.txt, 'Barbu Ştefănescu Delavrancea - Hagi-Tudose', 'https://www.povesti-pentru-copii.com/barbu-stefanescu-delavrancea/hagi-tudose.html'
BSD - IMR, 1884, Short-story, Delavrancea_IancuMoroi.txt, 'Barbu Ştefănescu Delavrancea - Iancu Moroi', 'https://ro.wikisource.org/wiki/Iancu_Moroi'
BSD - INL, ?, Short-story, Delavrancea_InainteDeAlegeri.txt, 'Barbu Ştefănescu Delavrancea - Înainte de alegeri', 'https://ro.wikisource.org/wiki/%C3%8Enainte_de_alegeri'
BSD - IRN, 1893, Short-story, Delavrancea_Irinel.txt, 'Barbu Ştefănescu Delavrancea - Irinel', 'https://ro.wikisource.org/wiki/Irinel'
BSD - LNE, ?, Short-story, Delavrancea_Lene.txt, 'Barbu Ştefănescu Delavrancea - Lene', 'https://ro.wikisource.org/wiki/Lene'
BSD - LNT, 1887, Short-story, Delavrancea_Liniste.txt, 'Barbu Ştefănescu Delavrancea - Liniște', 'https://ro.wikisource.org/wiki/Lini%C8%99te'
BSD - MCR, ?, Fairy-tale, Delavrancea_MosCraciun.txt, 'Barbu Ştefănescu Delavrancea - Moș Crăciun', 'https://povesti-ro.weebly.com/mos-craciun-barbu-stefanescu-delavrancea.html'
BSD - MCT, ?, Short-story, Delavrancea_Micutii.txt, 'Barbu Ştefănescu Delavrancea - Micuții', 'https://ro.wikisource.org/wiki/Micu%C8%9Bii'
BSD - MDC, 1893, Short-story, Delavrancea_MareleDuce.txt, 'Barbu Ştefănescu Delavrancea - Marele duce', 'https://ro.wikisource.org/wiki/Marele_duce'
BSD - MLG, ?, Short-story, Delavrancea_Milogul.txt, 'Barbu Ştefănescu Delavrancea - Milogul', 'https://ro.wikisource.org/wiki/Milogul'
BSD - NDR, ?, Fairy-tale, Delavrancea_NoroculDracului.txt, 'Barbu Ştefănescu Delavrancea - Norocul dracului', 'https://www.povesti-pentru-copii.com/barbu-stefanescu-delavrancea/norocul-dracului.html'
BSD - NEC, ?, Short-story, Delavrancea_NuEGeabaCafea.txt, 'Barbu Ştefănescu Delavrancea - Nu e "geaba" cafea', 'https://ro.wikisource.org/wiki/Nu_e_%22geaba%22_cafea'
BSD - NGT, ?, Fairy-tale, Delavrancea_Neghinita.txt, 'Barbu Ştefănescu Delavrancea - Neghiniţă', 'https://www.povesti-pentru-copii.com/barbu-stefanescu-delavrancea/neghinita.html'
BSD - ODN, 1884, Short-story, Delavrancea_Odinioara.txt, 'Barbu Ştefănescu Delavrancea - Odinioară', 'https://ro.wikisource.org/wiki/Odinioar%C4%83'
BSD - PDC, 1884, Fairy-tale, Delavrancea_PalatulDeClestar.txt, 'Barbu Ştefănescu Delavrancea - Palatul de cleştar', 'https://www.povesti-pentru-copii.com/barbu-stefanescu-delavrancea/palatul-de-clestar.html'
BSD - PSS, ?, Short-story, Delavrancea_PravoslavniculSiSlaninele.txt, 'Barbu Ştefănescu Delavrancea - Pravoslavnicul și slăninele', 'https://ro.wikisource.org/wiki/Pravoslavnicul_%C8%99i_sl%C4%83ninele'
BSD - PSS, ?, Short-story, Delavrancea_PravoslavniculSiSlaninile.txt, 'Barbu Ştefănescu Delavrancea - Pravoslavnicul şi slăninile', 'https://www.povesti-pentru-copii.com/barbu-stefanescu-delavrancea/pravoslavnicul-si-slaninile.html'
BSD - PVS, ?, Fairy-tale, Delavrancea_Poveste.txt, 'Barbu Ştefănescu Delavrancea - Poveste', 'https://www.povesti-pentru-copii.com/barbu-stefanescu-delavrancea/poveste.html'
BSD - PZT, 1893, Short-story, Delavrancea_Parazitii.txt, 'Barbu Ştefănescu Delavrancea - Paraziții', 'https://ro.wikisource.org/wiki/Parazi%C8%9Bii'
BSD - RZM, 1884, Short-story, Delavrancea_Razmirita.txt, 'Barbu Ştefănescu Delavrancea - Răzmirița', 'https://ro.wikisource.org/wiki/R%C4%83zmiri%C8%9Ba_(%C8%98tef%C4%83nescu-Delavrancea)'
BSD - SEM, ?, Short-story, Delavrancea_SadiElMahib.txt, 'Barbu Ştefănescu Delavrancea - Sadi-el-Mahib', 'https://ro.wikisource.org/wiki/Sadi-el-Mahib'
BSD - SER, ?, Short-story, Delavrancea_Suer.txt, 'Barbu Ştefănescu Delavrancea - Şuer', 'https://www.povesti-pentru-copii.com/barbu-stefanescu-delavrancea/suer.html'
BSD - SLT, 1884, Short-story, Delavrancea_Sultanica.txt, 'Barbu Ştefănescu Delavrancea - Sultănica', 'https://www.povesti-pentru-copii.com/barbu-stefanescu-delavrancea/sultanica.html'
BSD - SNT, ?, Short-story, Delavrancea_Sentino.txt, 'Barbu Ştefănescu Delavrancea - Sentino', 'https://ro.wikisource.org/wiki/Sentino'
BSD - SRC, 1885, Short-story, Delavrancea_Sorcova.txt, 'Barbu Ştefănescu Delavrancea - Sorcova', 'https://www.povesti-pentru-copii.com/barbu-stefanescu-delavrancea/sorcova.html'
BSD - STOD, 1909, Fairy-tale, Delavrancea_StapaneaOdata.txt, 'Barbu Ştefănescu Delavrancea - Stăpânea odată', 'https://povesti-ro.weebly.com/stapanea-odata-barbu-stefanescu-delavrancea.html'
BSD - SUN, ?, Short-story, Delavrancea_Susana.txt, 'Barbu Ştefănescu Delavrancea - Susana', 'https://ro.wikisource.org/wiki/Susana'
BSD - TDR, 1886, Short-story, Delavrancea_Trubadurul.txt, 'Barbu Ştefănescu Delavrancea - Trubadurul', 'https://ro.wikisource.org/wiki/Trubadurul'
BSD - VCT, ?, Short-story, Delavrancea_Vacantie.txt, 'Barbu Ştefănescu Delavrancea - Vacanție...', 'https://ro.wikisource.org/wiki/Vacan%C8%9Bie...'
BSD - VDL, ?, Short-story, Delavrancea_Vaduvele.txt, 'Barbu Ştefănescu Delavrancea - Văduvele', 'https://www.povesti-pentru-copii.com/barbu-stefanescu-delavrancea/vaduvele.html'
BSD - ZBE, ?, Short-story, Delavrancea_Zobie.txt, 'Barbu Ştefănescu Delavrancea - Zobie', 'https://ro.wikisource.org/wiki/Zobie'
BSD - ZZG, ?, Short-story, Delavrancea_Zigzag.txt, 'Barbu Ştefănescu Delavrancea - Zigzag', 'https://ro.wikisource.org/wiki/Zigzag'
EG - CALL, 1910, Short-story, Garleanu_Calul.txt, 'Emil Gârleanu - Calul', 'https://povesti-ro.weebly.com/calul-povestede-emil-garleanu.html'
EG - CCCC, 1910, Short-story, Garleanu_CiocCiocCioc.txt, 'Emil Gârleanu - ​Cioc! cioc! cioc!', 'https://povesti-ro.weebly.com/cioc-poveste-de-emil-garleanu.html'
EG - CCSL, 1910, Short-story, Garleanu_Cocosul.txt, 'Emil Gârleanu - Cocoșul', 'https://povesti-ro.weebly.com/cocosul-poveste-de-emil-garleanu.html'
EG - CDDR, 1907, Short-story, Garleanu_CeaDintaiDurere.txt, 'Emil Gârleanu - Cea dintâi durere', 'https://ro.wikisource.org/wiki/Cea_dint%C3%A2i_durere'
EG - CLTR, 1910, Short-story, Garleanu_​Calatoare.txt, 'Emil Gârleanu - ​Călătoare! ...', 'https://povesti-ro.weebly.com/calatoare-poveste-de-emil-garleanu.html'
EG - CNTR, 1910, Short-story, Garleanu_Cantaretul.txt, 'Emil Gârleanu - Cântărețul', 'https://povesti-ro.weebly.com/cantaretul---poveste-de-emil-garleanu.html'
EG - COMR, 1915, Short-story, Garleanu_Comoara.txt, 'Emil Gârleanu - Comoara', 'https://ro.wikisource.org/wiki/Comoara_(G%C3%A2rleanu)'
EG - CPRR, 1910, Short-story, Garleanu_Caprioara.txt, 'Emil Gârleanu - ​Căprioara', 'https://povesti-ro.weebly.com/caprioara-emil-garleanu.html'
EG - CSNA, 1910, Short-story, Garleanu_CandStapanulNuIAcasa.txt, 'Emil Gârleanu - Când stăpânul nu-i acasă!', 'https://povesti-ro.weebly.com/cand-stapanul-nu-i-acasa-poveste-de-emil-garleanu.html'
EG - CSRL, 1910, Short-story, Garleanu_CaSoarele.txt, 'Emil Gârleanu - Ca soarele!', 'https://povesti-ro.weebly.com/ca-soarele-povestede-emil-garleanu.html'
EG - CUFN, 1910, Short-story, Garleanu_CatUnFirDeNeghina.txt, 'Emil Gârleanu - Cât un fir de neghină', 'https://povesti-ro.weebly.com/cat-un-fir-de-neghina-povestede-emil-garleanu.html'
EG - DASL, 1910, Short-story, Garleanu_​DupaAsemanareaLor.txt, 'Emil Gârleanu - ​După asemănarea lor!', 'https://povesti-ro.weebly.com/dupa-asemanarea-lor-poveste-de-emil-garleanu.html'
EG - FLZF, 1910, Short-story, Garleanu_Filozoful.txt, 'Emil Gârleanu - ​Filozoful', 'https://povesti-ro.weebly.com/filozoful-poveste-de-emil-garleanu.html'
EG - FRCS, 1910, Short-story, Garleanu_Fricosul.txt, 'Emil Gârleanu - ​Fricosul', 'https://povesti-ro.weebly.com/fricosul-poveste-de-emil-garleanu.html'
EG - FRNC, 1908, Short-story, Garleanu_Furnica.txt, 'Emil Gârleanu - Furnica', 'https://ro.wikisource.org/wiki/Furnica'
EG - FRNZ, 1910, Short-story, Garleanu_Frunza.txt, 'Emil Gârleanu - ​Frunza', 'https://povesti-ro.weebly.com/frunza-poveste-de-emil-garleanu.html'
EG - GAZA, 1910, Short-story, Garleanu_Gaza.txt, 'Emil Gârleanu - ​Gâza', 'https://povesti-ro.weebly.com/gaza-poveste-de-emil-garleanu.html'
EG - GNDC, 1910, Short-story, Garleanu_Gandacelul.txt, 'Emil Gârleanu - ​Gândăcelul', 'https://povesti-ro.weebly.com/gandacelul-poveste-de-emil-garleanu.html'
EG - GRVE, 1910, Short-story, Garleanu_Grivei.txt, 'Emil Gârleanu - ​Grivei', 'https://povesti-ro.weebly.com/grivei-poveste-de-emil-garleanu.html'
EG - HINR, 1910, Short-story, Garleanu_Hoinar.txt, 'Emil Gârleanu - Hoinar', 'https://povesti-ro.weebly.com/hoinar-poveste-de-emil-garleanu.html'
EG - ICTM, 1910, Short-story, Garleanu_InCurteaMea.txt, 'Emil Gârleanu - ​În curtea mea', 'https://povesti-ro.weebly.com/in-curtea-mea-poveste-de-emil-garleanu.html'
EG - IFFF, 1910, Short-story, Garleanu_InFelDeFelDeFete.txt, 'Emil Gârleanu - În fel de fel de fețe', 'https://povesti-ro.weebly.com/in-fel-de-fel-de-fete-poveste-de-emil-garleanu.html'
EG - LPTR, 1910, Short-story, Garleanu_Luptatorii.txt, 'Emil Gârleanu - Luptătorii', 'https://povesti-ro.weebly.com/luptatorii-poveste-de-emil-garleanu.html'
EG - MMLS, 1908, Short-story, Garleanu_OmMilostiv.txt, 'Emil Gârleanu - Om milostiv', 'https://ro.wikisource.org/wiki/Om_milostiv'
EG - MRNM, 1910, Short-story, Garleanu_Marinimie.txt, 'Emil Gârleanu - Mărinimie', 'https://povesti-ro.weebly.com/marinimie-poveste-de-emil-garleanu.html'
EG - MSCL, 1910, Short-story, Garleanu_​Musculita.txt, 'Emil Gârleanu - ​Musculița', 'https://povesti-ro.weebly.com/musculita-poveste-de-emil-garleanu.html'
EG - MSFR, 1910, Short-story, Garleanu_Musafirul.txt, 'Emil Gârleanu - Musafirul', 'https://povesti-ro.weebly.com/musafirul-poveste-de-emil-garleanu.html'
EG - MSGL, 1915, Short-story, Garleanu_MesterulDeOglinzi.txt, 'Emil Gârleanu - Meșterul de oglinzi', 'https://ro.wikisource.org/wiki/Me%C8%99terul_de_oglinzi'
EG - MSUS, 1910, Short-story, Garleanu_​MaiSus.txt, 'Emil Gârleanu - ​Mai sus!', 'https://povesti-ro.weebly.com/mai-sus-poveste-de-emil-garleanu.html'
EG - NDSP, 1910, Short-story, Garleanu_​Nedespartite.txt, 'Emil Gârleanu - ​Nedespărțite! ...', 'https://povesti-ro.weebly.com/nedespartite-poveste-de-emil-garleanu.html'
EG - ORAZ, 1910, Short-story, Garleanu_​ORaza.txt, 'Emil Gârleanu - ​O rază', 'https://povesti-ro.weebly.com/o-raza-poveste-de-emil-garleanu.html'
EG - PNGA, 1908, Short-story, Garleanu_Punga.txt, 'Emil Gârleanu - Punga', 'https://ro.wikisource.org/wiki/Punga'
EG - PRMV, 1908, Short-story, Garleanu_Primavara.txt, 'Emil Gârleanu - Primăvara!', 'https://ro.wikisource.org/wiki/Prim%C4%83vara!'
EG - PRST, 1910, Short-story, Garleanu_Parasita.txt, 'Emil Gârleanu - Părăsită', 'https://povesti-ro.weebly.com/parasita-poveste-de-emil-garleanu.html'
EG - PSDN, 1910, Short-story, Garleanu_PasareDeNoapte.txt, 'Emil Gârleanu - Pasăre de noapte', 'https://povesti-ro.weebly.com/pasare-de-noapte-poveste-de-emil-garleanu.html'
EG - SNGC, 1910, Short-story, Garleanu_Singuraticii.txt, 'Emil Gârleanu - Singuraticii', 'https://povesti-ro.weebly.com/singuraticii-poveste-de-emil-garleanu.html'
EG - SRCT, 1910, Short-story, Garleanu_Saracutul.txt, 'Emil Gârleanu - Sărăcuțul! ...', 'https://povesti-ro.weebly.com/saracutul-poveste-de-emil-garleanu.html'
EG - SRTS, 1915, Short-story, Garleanu_Sortas.txt, 'Emil Gârleanu - Sorțaș', 'https://ro.wikisource.org/wiki/Sor%C8%9Ba%C8%99'
EG - TRDF, 1910, Short-story, Garleanu_Trandafirul.txt, 'Emil Gârleanu - Trandafirul', 'https://povesti-ro.weebly.com/trandafirul-poveste-de-emil-garleanu.html'
EG - TVRS, 1910, Short-story, Garleanu_Tovarasii.txt, 'Emil Gârleanu - Tovarășii', 'https://povesti-ro.weebly.com/tovarasii-poveste-de-emil-garleanu.html'
EG - UCGS, 1907, Short-story, Garleanu_Ucigasul.txt, 'Emil Gârleanu - Ucigașul', 'https://ro.wikisource.org/wiki/Uciga%C8%99ul'
EG - VNCL, 1910, Short-story, Garleanu_Voinicul.txt, 'Emil Gârleanu - Voinicul!', 'https://povesti-ro.weebly.com/voinicul-poveste-de-emil-garleanu.html'
EG - VTRL, 1910, Short-story, Garleanu_Vulturul.txt, 'Emil Gârleanu - Vulturul', 'https://povesti-ro.weebly.com/vulturul-poveste-de-emil-garleanu.html'
EP - AMNT, 2010-2017, Story, Plugaru_Amintirile.txt, 'Emilia Plugaru - Amintirile', 'https://www.povesti-pentru-copii.com/povesti-pt-copii-mici/amintirile.html'
EP - AVTP, 2010-2017, Story, Plugaru_AVenitPrimavara.txt, 'Emilia Plugaru - A venit Primăvara!', 'https://www.povesti-pentru-copii.com/povesti-pt-copii-mici/a-venit-primavara.html'
EP - BCHT, 2010-2017, Story, Plugaru_Buchet.txt, 'Emilia Plugaru - Buchet', 'https://www.povesti-pentru-copii.com/povesti-pt-copii-mici/buchet.html'
EP - BDSR, 2010-2017, Story, Plugaru_BobulDeSoare.txt, 'Emilia Plugaru - Bobul de Soare', 'https://www.povesti-pentru-copii.com/povesti-pt-copii-mici/bobul-de-soare.html'
EP - BNPU, 2010-2017, Story, Plugaru_BlanitaNeagra.txt, 'Emilia Plugaru - Blăniţă Neagră sau Povestea Ursuleţului Dănn', 'https://www.povesti-pentru-copii.com/povesti-pt-copii-mici/blanita-neagra.html'
EP - BTCM, 2010-2017, Story, Plugaru_BlestemulComorii.txt, 'Emilia Plugaru - Blestemul Comorii', 'https://www.povesti-pentru-copii.com/povesti-pt-copii-mici/blestemul-comorii.html'
EP - BTDP, 2010-2017, Story, Plugaru_BatranaDoamnaPadure.txt, 'Emilia Plugaru - Bătrâna doamnă Pădure…', 'https://www.povesti-pentru-copii.com/povesti-pt-copii-mici/batrana-doamna-padure.html'
EP - BTRG, 2010-2017, Story, Plugaru_Buturuga.txt, 'Emilia Plugaru - Buturugă', 'https://www.povesti-pentru-copii.com/povesti-pt-copii-mici/buturuga.html'
EP - BVFN, 2010-2017, Story, Plugaru_BroscutaVeruzaSiFloareaDeNufar.txt, 'Emilia Plugaru - Broscuţa Veruza şi floarea de nufăr', 'https://www.povesti-pentru-copii.com/povesti-pt-copii-mici/broscuta-veruza-si-floarea-de-nufar.html'
EP - CDCR, 2010-2017, Story, Plugaru_CadoulDeCraciun.txt, 'Emilia Plugaru - Cadoul de Crăciun', 'https://www.povesti-pentru-copii.com/povesti-pt-copii-mici/cadoul-de-craciun.html'
EP - CDGG, 2010-2017, Story, Plugaru_CeleDouaGanganii.txt, 'Emilia Plugaru - Cele două gângănii', 'https://www.povesti-pentru-copii.com/povesti-pt-copii-mici/cele-doua-ganganii.html'
EP - CHPA, 2010-2017, Story, Plugaru_CrusHepSiPestisorulDeAur.txt, 'Emilia Plugaru - Crus, Hep şi peştişorul de Aur', 'https://www.povesti-pentru-copii.com/povesti-pt-copii-mici/crus-hep-si-pestisorul-de-aur.html'
EP - CLBT, 2010-2017, Story, Plugaru_CloscaBunicutei.txt, 'Emilia Plugaru - Cloşca bunicuţei', 'https://www.povesti-pentru-copii.com/emilia-plugaru.html'
EP - CLRL, 2010-2017, Story, Plugaru_Culorile.txt, 'Emilia Plugaru - Culorile', 'https://www.povesti-pentru-copii.com/povesti-pt-copii-mici/culorile.html'
EP - CLZB, 2010-2017, Story, Plugaru_CalutulZburator.txt, 'Emilia Plugaru - Căluţul zburător', 'https://www.povesti-pentru-copii.com/povesti-pt-copii-mici/calutul-zburator.html'
EP - CRTL, 2010-2017, Story, Plugaru_Cornitele.txt, 'Emilia Plugaru - Corniţele', 'https://www.povesti-pentru-copii.com/povesti-pt-copii-mici/cornitele.html'
EP - DABN, 2010-2017, Story, Plugaru_DeAleBuneilor.txt, 'Emilia Plugaru - De-ale buneilor', 'https://www.povesti-pentru-copii.com/povesti-pt-copii-mici/de-ale-buneilor.html'
EP - DFLG, 2010-2017, Story, Plugaru_DesagaCuFulgi.txt, 'Emilia Plugaru - Desaga cu fulgi', 'https://www.povesti-pentru-copii.com/povesti-pt-copii-mici/desaga-cu-fulgi.html'
EP - FFDC, 2010-2017, Story, Plugaru_FetitaCuFunditeDesprinseDinCer.txt, 'Emilia Plugaru - Fetiţa cu fundiţe desprinse din cer', 'https://www.povesti-pentru-copii.com/povesti-pt-copii-mici/fetita-cu-fundite-desprinse-din-cer.html'
EP - FRCJ, 2010-2017, Story, Plugaru_FrunzaCurajoasa.txt, 'Emilia Plugaru - Frunza curajoasă', 'https://www.povesti-pentru-copii.com/povesti-pt-copii-mici/frunza-curajoasa.html'
EP - GVGN, 2010-2017, Story, Plugaru_GhetuteleVechiSiGhetuteleNoi.txt, 'Emilia Plugaru - Ghetuţele vechi şi ghetuţele noi', 'https://www.povesti-pentru-copii.com/povesti-pt-copii-mici/ghetutele-vechi-si-ghetutele-noi.html'
EP - HAHA, 2010-2017, Story, Plugaru_HauHau.txt, 'Emilia Plugaru - Hau-Hau', 'https://www.povesti-pentru-copii.com/povesti-pt-copii-mici/hau-hau.html'
EP - IMPB, 2010-2017, Story, Plugaru_ImpăratulCelBun.txt, 'Emilia Plugaru - Împăratul cel bun', 'https://www.povesti-pentru-copii.com/povesti-pt-copii-mici/imparatul-cel-bun.html'
EP - MADP, 2010-2017, Story, Plugaru_MamaAdoptiva.txt, 'Emilia Plugaru - Mama adoptivă', 'https://www.povesti-pentru-copii.com/povesti-pt-copii-mici/mama-adoptiva.html'
EP - MCNS, 2010-2017, Story, Plugaru_Mincinosul.txt, 'Emilia Plugaru - Mincinosul', 'https://www.povesti-pentru-copii.com/povesti-pt-copii-mici/mincinosul.html'
EP - MPUS, 2010-2017, Story, Plugaru_MicaPasareUriasa.txt, 'Emilia Plugaru - Mica Pasăre-Uriaşă', 'https://www.povesti-pentru-copii.com/povesti-pt-copii-mici/mica-pasare-uriasa.html'
EP - MRCT, 2010-2017, Story, Plugaru_MareaCompetitie.txt, 'Emilia Plugaru - Marea Competiţie', 'https://www.povesti-pentru-copii.com/povesti-pt-copii-mici/marea-competitie.html'
EP - MRPT, 2010-2017, Story, Plugaru_MarelePictor.txt, 'Emilia Plugaru - Marele Pictor', 'https://www.povesti-pentru-copii.com/povesti-pt-copii-mici/marele-pictor.html'
EP - MTSR, 2010-2017, Story, Plugaru_Martisorul.txt, 'Emilia Plugaru - Mărţişorul', 'https://www.povesti-pentru-copii.com/povesti-pt-copii-mici/martisorul.html'
EP - NSSN, 2010-2017, Story, Plugaru_NourasulSiniliu.txt, 'Emilia Plugaru - Nouraşul siniliu', 'https://www.povesti-pentru-copii.com/povesti-pt-copii-mici/nourasul-siniliu.html'
EP - OODP, 2010-2017, Story, Plugaru_OrasulCuOchiiDePloaie.txt, 'Emilia Plugaru - Oraşul cu ochii de ploaie', 'https://www.povesti-pentru-copii.com/povesti-pt-copii-mici/orasul-cu-ochii-de-ploaie.html'
EP - PADP, 2010-2017, Story, Plugaru_AdevaratulPrieten.txt, 'Emilia Plugaru - Povestea unui Adevărat Prieten', 'https://www.povesti-pentru-copii.com/povesti-pt-copii-mici/adevaratul-prieten.html'
EP - PCRF, 2010-2017, Story, Plugaru_PovesteaCreionasuluiFermecat.txt, 'Emilia Plugaru - Povestea Creionaşului fermecat', 'https://www.povesti-pentru-copii.com/povesti-pt-copii-mici/povestea-creionasului-fermecat.html'
EP - PLCT, 2010-2017, Story, Plugaru_PisicutaLuluSiCatelulTagan.txt, 'Emilia Plugaru - Pisicuţa Lulu şi căţelul Ţâgan', 'https://www.povesti-pentru-copii.com/povesti-pt-copii-mici/pisicuta-lulu-si-catelul-tigan.html'
EP - PVBT, 2010-2017, Story, Plugaru_PuiulDeVrabiuta.txt, 'Emilia Plugaru - Puiul de Vrăbiuţă', 'https://www.povesti-pentru-copii.com/povesti-pt-copii-mici/puiul-de-vrabiuta.html'
EP - RTMC, 2010-2017, Story, Plugaru_RatuscaMaca.txt, 'Emilia Plugaru - Răţuşca Maca', 'https://www.povesti-pentru-copii.com/povesti-pt-copii-mici/ratusca-maca.html'
EP - TLSC, 2010-2017, Story, Plugaru_Telescopul.txt, 'Emilia Plugaru - Telescopul', 'https://www.povesti-pentru-copii.com/povesti-pt-copii-mici/telescopul.html'
EP - URMG, 2010-2017, Story, Plugaru_UrechiuseleMagarusului.txt, 'Emilia Plugaru - Urechiuşele Măgăruşului', 'https://www.povesti-pentru-copii.com/povesti-pt-copii-mici/urechiusele-magarusului.html'
EP - VLTG, 2010-2017, Story, Plugaru_VisulLuiTigrut.txt, 'Emilia Plugaru - Visul lui Tigruţ', 'https://www.povesti-pentru-copii.com/povesti-pt-copii-mici/visul-lui-tigrut.html'
EP - VZDV, 2010-2017, Story, Plugaru_VanzatorulDeVise.txt, 'Emilia Plugaru - Vânzătorul de vise', 'https://www.povesti-pentru-copii.com/povesti-pt-copii-mici/vanzatorul-de-vise.html'
IC - ACSB, 1874, Short-story, Creanga_AculSiBarosul.txt, 'Ion Creangă - Acul şi barosul', 'https://www.povesti-pentru-copii.com/ion-creanga/acul-si-barosul.html'
IC - AMC1, 1880-1881, Novel-autobiographical, Creanga_AmintiriDinCopilarie_1.txt, 'Ion Creangă - Amintiri din copilărie I ', 'https://www.povesti-pentru-copii.com/ion-creanga/amintiri-din-copilarie-I.html'
IC - AMC2, 1880-1881, Novel-autobiographical, Creanga_AmintiriDinCopilarie_2.txt, 'Ion Creangă - Amintiri din copilărie II ', 'https://www.povesti-pentru-copii.com/ion-creanga/amintiri-din-copilarie-II.html'
IC - AMC3, 1880-1881, Novel-autobiographical, Creanga_AmintiriDinCopilarie_3.txt, 'Ion Creangă - Amintiri din copilărie III ', 'https://www.povesti-pentru-copii.com/ion-creanga/amintiri-din-copilarie-III.html'
IC - AMC4, 1880-1881, Novel-autobiographical, Creanga_AmintiriDinCopilarie_4.txt, 'Ion Creangă - Amintiri din copilărie IV ', 'https://www.povesti-pentru-copii.com/ion-creanga/amintiri-din-copilarie-IV.html'
IC - CCTI, 1875, Story, Creanga_CapraCuTreiIezi.txt, 'Ion Creangă - Capra cu trei iezi', 'https://www.povesti-pentru-copii.com/ion-creanga/capra-cu-trei-iezi.html'
IC - CNPN, 1883, Short-story, Creanga_CinciPaini.txt, 'Ion Creangă - Cinci pâini', 'https://www.povesti-pentru-copii.com/ion-creanga/cinci-paini.html'
IC - DNPR, 1876, Story, Creanga_DanilaPrepeleac.txt, 'Ion Creangă - Dănilă Prepeleac', 'https://www.povesti-pentru-copii.com/ion-creanga/danila-prepeleac.html'
IC - FBFM, 1877, Story, Creanga_FataBabeiSiFataMosneagului.txt, 'Ion Creangă - Fata babei şi fata moşneagului', 'https://www.povesti-pentru-copii.com/ion-creanga/fata-babei-si-fata-mosneagului.html'
IC - FFFI, 1898, Story, Creanga_FatFrumosFiulIepei.txt, 'Ion Creangă - Făt Frumos, fiul iepei', 'https://ro.wikisource.org/wiki/F%C4%83t_Frumos,_fiul_iepei'
IC - FRAB, 1890, Novel-autobiographical, Creanga_FragmentDeAutobiografie.txt, 'Ion Creangă - Fragment de autobiografie', 'https://ro.wikisource.org/wiki/Fragment_de_autobiografie'
IC - IRCV, 1883, Short-story, Creanga_IonRoataSiCuzaVoda.txt, 'Ion Creangă - Ion Roată şi Cuza-Vodă', 'https://www.povesti-pentru-copii.com/ion-creanga/ion-roata-si-cuza-voda.html'
IC - ISCS, 1874, Short-story, Creanga_InulSiCamesa.txt, 'Ion Creangă - Inul şi cămeşa', 'https://www.povesti-pentru-copii.com/ion-creanga/inul-si-camesa.html'
IC - IVTC, 1877, Story, Creanga_IvanTurbinca.txt, 'Ion Creangă - Ivan Turbincă', 'https://www.povesti-pentru-copii.com/ion-creanga/ivan-turbinca.html'
IC - MIRU, 1885, Short-story, Creanga_MosIonRoataSiUnirea.txt, 'Ion Creangă - Moş Ion Roată şi Unirea', 'https://www.povesti-pentru-copii.com/ion-creanga/mos-ion-roata-si-unirea.html'
IC - MNCT, 1877, Short-story, Creanga_MosNichiforCotcariul.txt, 'Ion Creangă - Moş Nichifor Coţcariul', 'https://www.povesti-pentru-copii.com/ion-creanga/mos-nichifor-cotcariul.html'
IC - PACL, 1880, Short-story, Creanga_Pacala.txt, 'Ion Creangă - Păcală', 'https://www.povesti-pentru-copii.com/ion-creanga/pacala.html'
IC - PGDB, 1876, Story, Creanga_PungutaCuDoiBani.txt, 'Ion Creangă - Punguţa cu doi bani', 'https://www.povesti-pentru-copii.com/ion-creanga/punguta-cu-doi-bani.html'
IC - PLHA, 1877, Story, Creanga_PovesteaLuiHarapAlb.txt, 'Ion Creangă - Povestea lui Harap-Alb', 'https://www.povesti-pentru-copii.com/ion-creanga/povestea-lui-harap-alb.html'
IC - PLIP, 1876, Story, Creanga_PovesteaLuiIonicaCelProst.txt, 'Ion Creangă - Povestea lui Ionică cel prost', 'https://ro.wikisource.org/wiki/Povestea_lui_Ionic%C4%83_cel_prost'
IC - PPDH, 1881, Short-story, Creanga_PopaDuhu.txt, 'Ion Creangă - Popa Duhu', 'https://www.povesti-pentru-copii.com/ion-creanga/popa-duhu.html'
IC - PROP, 1874, Short-story, Creanga_ProstiaOmeneasca.txt, 'Ion Creangă - Prostia omenească (Poveste)', 'https://www.povesti-pentru-copii.com/ion-creanga/prostia-omeneasca-poveste.html'
IC - PSPT, 1877, Story, Creanga_PovesteaLuiStanPatitul.txt, 'Ion Creangă - Povestea lui Stan-Păţitul', 'https://www.povesti-pentru-copii.com/ion-creanga/povestea-lui-stan-patitul.html'
IC - PUOL, 1878, Short-story, Creanga_PovesteaUnuiOmLenes.txt, 'Ion Creangă - Povestea unui om leneş', 'https://www.povesti-pentru-copii.com/ion-creanga/povestea-unui-om-lenes.html'
IC - PVPR, 1876, Story, Creanga_PovesteaPorcului.txt, 'Ion Creangă - Povestea porcului', 'https://www.povesti-pentru-copii.com/ion-creanga/povestea-porcului.html'
IC - PVPV, 1877, Story, Creanga_PovesteaPovestilor.txt, 'Ion Creangă - Povestea poveștilor', 'https://ro.wikisource.org/wiki/Povestea_pove%C8%99tilor'
IC - SCTN, 1875, Story, Creanga_SoacraCuTreiNurori.txt, 'Ion Creangă - Soacra cu trei nurori', 'https://www.povesti-pentru-copii.com/ion-creanga/soacra-cu-trei-nurori.html'
IC - UPDV, 1880, Short-story, Creanga_UrsulPacalitDeVulpe.txt, 'Ion Creangă - Ursul păcălit de vulpe', 'https://www.povesti-pentru-copii.com/ion-creanga/ursul-pacalit-de-vulpe.html'
IS - BBCL, ?, Short-story, Slavici_Bobocel.txt, 'Ioan Slavici - Bobocel', 'https://ro.wikisource.org/wiki/Bobocel'
IS - BBDN, ?, Short-story, Slavici_BabaDana.txt, 'Ioan Slavici - Baba Dana', 'https://ro.wikisource.org/wiki/Baba_Dana'
IS - BDTC, 1880, Short-story, Slavici_BuduleaTaichii.txt, 'Ioan Slavici - Budulea Taichii', 'https://ro.wikisource.org/wiki/Budulea_Taichii'
IS - BRSP, ?, Story, Slavici_BoierulSiPacala.txt, 'Ioan Slavici - Boierul şi Păcală', 'https://www.povesti-pentru-copii.com/ioan-slavici/boierul-si-pacala.html'
IS - BTSC, ?, Story, Slavici_BaietSarac.txt, 'Ioan Slavici - Băiet sărac', 'https://povesti-ro.weebly.com/baiet-sarac-poveste-ioan-slavici.html'
IS - CMRA, 1896, Short-story, Slavici_Comoara.txt, 'Ioan Slavici - Comoara', 'https://ro.wikisource.org/wiki/Comoara_(Slavici)'
IS - CRRS, 1876, Short-story, Slavici_CrucileRosii.txt, 'Ioan Slavici - Crucile roșii', 'https://ro.wikisource.org/wiki/Crucile_ro%C8%99ii'
IS - CSRU, 1894, Short-story, Slavici_CeasRau.txt, 'Ioan Slavici - Ceas rău', 'https://ro.wikisource.org/wiki/Ceas_r%C4%83u'
IS - DFRB, ?, Story, Slavici_​DoiFratiBuni.txt, 'Ioan Slavici - ​Doi frați buni', 'https://povesti-ro.weebly.com/doi-frati-buni-poveste-ioan-slavici.html#faraDiacritice'
IS - DFSF, 1872, Story, Slavici_DoiFetiCuSteaInFrunte.txt, 'Ioan Slavici - Doi feţi cu stea în frunte', 'https://www.povesti-pentru-copii.com/ioan-slavici/doi-feti-cu-stea-in-frunte.html'
IS - DLTL, ?, Short-story, Slavici_DinAltaLume.txt, 'Ioan Slavici - Din altă lume', 'https://ro.wikisource.org/wiki/Din_alt%C4%83_lume'
IS - DNTG, ?, Short-story, Slavici_DinTiganie.txt, 'Ioan Slavici - Din țigănie', 'https://ro.wikisource.org/wiki/Din_%C8%9Big%C4%83nie'
IS - DSCS, ?, Short-story, Slavici_Dascalasul.txt, 'Ioan Slavici - Dăscălașul', 'https://ro.wikisource.org/wiki/D%C4%83sc%C4%83la%C8%99ul'
IS - FLCV, ?, Story, Slavici_FiulCuiva.txt, 'Ioan Slavici - Fiul cuiva', 'https://ro.wikisource.org/wiki/Fiul_cuiva'
IS - FTDC, 1872, Story, Slavici_FloritaDinCodru.txt, 'Ioan Slavici - Floriţa din codru', 'https://www.povesti-pentru-copii.com/ioan-slavici/florita-din-codru.html'
IS - GGSG, 1894, Short-story, Slavici_GoguSiGogusor.txt, 'Ioan Slavici - Gogu și Gogușor', 'https://ro.wikisource.org/wiki/Gogu_%C8%99i_Gogu%C8%99or'
IS - GRST, 1878, Short-story, Slavici_GuraSatului.txt, 'Ioan Slavici - Gura satului', 'https://ro.wikisource.org/wiki/Gura_satului'
IS - HNCR, 1894, Short-story, Slavici_HanulCiorilor.txt, 'Ioan Slavici - Hanul ciorilor', 'https://ro.wikisource.org/wiki/Hanul_ciorilor'
IS - ICST, 1872, Story, Slavici_IleanaCeaSireata.txt, 'Ioan Slavici - Ileana cea şireată', 'https://www.povesti-pentru-copii.com/ioan-slavici/ileana-cea-sireata.html'
IS - ILDR, ?, Short-story, Slavici_IlieDurac.txt, 'Ioan Slavici - Ilie Durac', 'https://ro.wikisource.org/wiki/Ilie_Durac'
IS - LCDS, 1876, Short-story, Slavici_LaCruceaDinSat.txt, 'Ioan Slavici - La crucea din sat', 'https://ro.wikisource.org/wiki/La_crucea_din_sat'
IS - LMIM, ?, Story, Slavici_LimirImparat.txt, 'Ioan Slavici - Limir-Împărat', 'https://www.povesti-pentru-copii.com/ioan-slavici/limir-imparat.html'
IS - LPRL, ?, Short-story, Slavici_LeuParaleu.txt, 'Ioan Slavici - Leu-paraleu', 'https://ro.wikisource.org/wiki/Leu-paraleu'
IS - LRSC, 1906, Short-story, Slavici_LaRascruci.txt, 'Ioan Slavici - La răscruci', 'https://ro.wikisource.org/wiki/La_r%C4%83scruci'
IS - MDCR, ?, Short-story, Slavici_OmDeCaracter.txt, 'Ioan Slavici - Om de caracter', 'https://ro.wikisource.org/wiki/Om_de_caracter'
IS - MDNC, ?, Short-story, Slavici_UnOmDeNcredere.txt, 'Ioan Slavici - Un om de-ncredere', 'https://ro.wikisource.org/wiki/Un_om_de-ncredere'
IS - MPCR, ?, Short-story, Slavici_Impacare.txt, 'Ioan Slavici - Împăcare', 'https://ro.wikisource.org/wiki/%C3%8Emp%C4%83care_(Slavici)'
IS - MRCN, 1880, Short-story, Slavici_MoaraCuNoroc.txt, 'Ioan Slavici - Moara cu noroc', 'https://ro.wikisource.org/wiki/Moara_cu_noroc'
IS - MSTG, ?, Short-story, Slavici_OMostenireGrea.txt, 'Ioan Slavici - O moștenire grea', 'https://ro.wikisource.org/wiki/O_mo%C8%99tenire_grea'
IS - MTCN, 1894, Short-story, Slavici_Mitocanul.txt, 'Ioan Slavici - Mitocanul', 'https://ro.wikisource.org/wiki/Mitocanul'
IS - NCTR, ?, Short-story, Slavici_OIncurcatura.txt, 'Ioan Slavici - O încurcătură', 'https://ro.wikisource.org/wiki/O_%C3%AEncurc%C4%83tur%C4%83'
IS - NGBT, ?, Short-story, Slavici_NegreaBatranul.txt, 'Ioan Slavici - Negrea bătrânul', 'https://ro.wikisource.org/wiki/Negrea_b%C4%83tr%C3%A2nul'
IS - NRCL, 1876?, Short-story, Slavici_Norocul.txt, 'Ioan Slavici - Norocul', 'https://ro.wikisource.org/wiki/Norocul'
IS - OVTP, 1877?, Short-story, Slavici_OViataPierduta.txt, 'Ioan Slavici - O viață pierdută', 'https://ro.wikisource.org/wiki/O_via%C8%9B%C4%83_pierdut%C4%83'
IS - PDRC, 1884, Short-story, Slavici_Padureanca.txt, 'Ioan Slavici - Pădureanca', 'https://ro.wikisource.org/wiki/P%C4%83dureanca'
IS - PISL, ?, Story, Slavici_PacalaInSatulLui.txt, 'Ioan Slavici - Păcală în satul lui', 'https://www.povesti-pentru-copii.com/ioan-slavici/pacala-in-satul-lui.html'
IS - PPTD, 1875, Short-story, Slavici_PopaTanda.txt, 'Ioan Slavici - Popa Tanda', 'https://ro.wikisource.org/wiki/Popa_Tanda'
IS - PSCS, 1920, Short-story, Slavici_PascalSaracul.txt, 'Ioan Slavici - Pascal, săracul', 'https://ro.wikisource.org/wiki/Pascal,_s%C4%83racul'
IS - PTPR, ?, Story, Slavici_PetreaProstul.txt, 'Ioan Slavici - Petrea Prostul', 'https://povesti-ro.weebly.com/petrea-prostul-poveste-ioan-slavici.html'
IS - RDTC, ?, Story, Slavici_RodulTainic.txt, 'Ioan Slavici - Rodul tainic', 'https://www.povesti-pentru-copii.com/ioan-slavici/rodul-tainic.html'
IS - RNST, ?, Short-story, Slavici_Renastere.txt, 'Ioan Slavici - Renaștere', 'https://ro.wikisource.org/wiki/Rena%C8%99tere'
IS - RZBN, ?, Short-story, Slavici_ORazbunare.txt, 'Ioan Slavici - O răzbunare', 'https://ro.wikisource.org/wiki/O_r%C4%83zbunare'
IS - SCMN, 1875, Short-story, Slavici_Scormon.txt, 'Ioan Slavici - Scormon', 'https://ro.wikisource.org/wiki/Scormon'
IS - SEPI, ?, Short-story, Slavici_Sepi.txt, 'Ioan Slavici - Sepi', 'https://ro.wikisource.org/wiki/Sepi'
IS - SNVS, ?, Short-story, Slavici_SanVasii.txt, 'Ioan Slavici - Sân Vasii', 'https://ro.wikisource.org/wiki/S%C3%A2n_Vasii'
IS - SPZM, ?, Story, Slavici_SpaimaZmeilor.txt, 'Ioan Slavici - Spaima zmeilor', 'https://www.povesti-pentru-copii.com/ioan-slavici/spaima-zmeilor.html'
IS - SRDE, ?, Short-story, Slavici_SaracutaDeEa.txt, 'Ioan Slavici - Sărăcuța de ea', 'https://ro.wikisource.org/wiki/S%C4%83r%C4%83cu%C8%9Ba_de_ea'
IS - STBL, 1875, Story, Slavici_StanBolovan.txt, 'Ioan Slavici - Stan Bolovan', 'https://www.povesti-pentru-copii.com/ioan-slavici/stan-bolovan.html'
IS - TSNP, ?, Short-story, Slavici_TovarasieNepotrivita.txt, 'Ioan Slavici - Tovărășie nepotrivită', 'https://ro.wikisource.org/wiki/Tov%C4%83r%C4%83%C8%99ie_nepotrivit%C4%83'
IS - VCNI, ?, Short-story, Slavici_Vecinii.txt, 'Ioan Slavici - Vecinii', 'https://ro.wikisource.org/wiki/Vecinii'
IS - VNTG, ?, Short-story, Slavici_OAventuraGalanta.txt, 'Ioan Slavici - O aventură galantă', 'https://ro.wikisource.org/wiki/O_aventur%C4%83_galant%C4%83'
IS - ZNZR, 1872, Story, Slavici_ZanaZorilor.txt, 'Ioan Slavici - Zâna Zorilor', 'https://www.povesti-pentru-copii.com/ioan-slavici/zana-zorilor.html'
LR - ALBI, ?, Story, Rebreanu_Alibi.txt, 'Liviu Rebreanu - Alibi', 'https://ro.wikisource.org/wiki/Alibi'
LR - ANMR, ?, Story, Rebreanu_AnaMaria.txt, 'Liviu Rebreanu - Ana Maria', 'https://ro.wikisource.org/wiki/Ana_Maria'
LR - BIBI, 1916, Sketch, Rebreanu_Bibi.txt, 'Liviu Rebreanu - Bibi', 'https://ro.wikisource.org/wiki/Bibi'
LR - BRBA, 1916, Story, Rebreanu_Barba.txt, 'Liviu Rebreanu - Barba', 'https://ro.wikisource.org/wiki/Barba'
LR - BRNS, 1912, Sketch, Rebreanu_Baroneasa.txt, 'Liviu Rebreanu - Baroneasa', 'https://ro.wikisource.org/wiki/Baroneasa'
LR - CBVS, 1927, Story, Rebreanu_CuibulVisurilor.txt, 'Liviu Rebreanu - Cuibul visurilor', 'https://ro.wikisource.org/wiki/Cuibul_visurilor'
LR - CCRT, 1916, Story, Rebreanu_Cuceritorul.txt, 'Liviu Rebreanu - Cuceritorul', 'https://ro.wikisource.org/wiki/Cuceritorul'
LR - CERT, 1916, Story, Rebreanu_Cearta.txt, 'Liviu Rebreanu - Cearta', 'https://ro.wikisource.org/wiki/Cearta'
LR - CINM, ?, Story, Rebreanu_Cinema.txt, 'Liviu Rebreanu - Cinema', 'https://ro.wikisource.org/wiki/Cinema'
LR - CLBR, 1928, Story, Rebreanu_CanteculIubirii.txt, 'Liviu Rebreanu - Cântecul iubirii', 'https://ro.wikisource.org/wiki/C%C3%A2ntecul_iubirii'
LR - CLCS, 1910, Story, Rebreanu_Culcusul.txt, 'Liviu Rebreanu - Culcușul', 'https://ro.wikisource.org/wiki/Culcu%C8%99ul'
LR - CMPD, 1923, Story, Rebreanu_CumpanaDreptatii.txt, 'Liviu Rebreanu - Cumpăna dreptății', 'https://ro.wikisource.org/wiki/Cump%C4%83na_drept%C4%83%C8%9Bii'
LR - CNTL, 1927, Story, Rebreanu_CanteculLebedei.txt, 'Liviu Rebreanu - Cântecul lebedei', 'https://ro.wikisource.org/wiki/C%C3%A2ntecul_lebedei'
LR - CPFM, ?, Story, Rebreanu_CupeulFermecat.txt, 'Liviu Rebreanu - Cupeul fermecat', 'https://ro.wikisource.org/wiki/Cupeul_fermecat'
LR - CRTR, 1911, Story, Rebreanu_Ocrotitorul.txt, 'Liviu Rebreanu - Ocrotitorul', 'https://ro.wikisource.org/wiki/Ocrotitorul'
LR - CSTR, 1916, Story, Rebreanu_Cersetorul.txt, 'Liviu Rebreanu - Cerșetorul', 'https://ro.wikisource.org/wiki/Cer%C8%99etorul_(Rebreanu)'
LR - CTSF, 1921, Story, Rebreanu_Catastrofa.txt, 'Liviu Rebreanu - Catastrofa', 'https://ro.wikisource.org/wiki/Catastrofa'
LR - DLTR, 1912, Sketch, Rebreanu_IdilaDeLaTara.txt, 'Liviu Rebreanu - Idilă de la țară', 'https://ro.wikisource.org/wiki/Idil%C4%83_de_la_%C8%9Bar%C4%83'
LR - DMNZ, 1912, Sketch, Rebreanu_Dumnezeu.txt, 'Liviu Rebreanu - Dumnezeu', 'https://ro.wikisource.org/wiki/Dumnezeu_(Rebreanu)'
LR - DNCL, 1935, Story, Rebreanu_Dincolo.txt, 'Liviu Rebreanu - Dincolo', 'https://ro.wikisource.org/wiki/Dincolo_(Rebreanu)'
LR - DNTL, 1910, Story, Rebreanu_Dintele.txt, 'Liviu Rebreanu - Dintele', 'https://ro.wikisource.org/wiki/Dintele'
LR - DVTL, 1919, Sketch, Rebreanu_Divortul.txt, 'Liviu Rebreanu - Divorțul', 'https://ro.wikisource.org/wiki/Divor%C8%9Bul'
LR - FIAR, 1927, Sketch, Rebreanu_Fiara.txt, 'Liviu Rebreanu - Fiara', 'https://ro.wikisource.org/wiki/Fiara'
LR - FMMT, ?, Story, Rebreanu_FamiliaMisterioasa.txt, 'Liviu Rebreanu - Familia misterioasă', 'https://ro.wikisource.org/wiki/Familia_misterioas%C4%83'
LR - GHNL, 1919, Sketch, Rebreanu_Ghinionul.txt, 'Liviu Rebreanu - Ghinionul', 'https://ro.wikisource.org/wiki/Ghinionul'
LR - GLNI, 1916, Story, Rebreanu_Golanii.txt, 'Liviu Rebreanu - Golanii', 'https://ro.wikisource.org/wiki/Golanii'
LR - GLNM, 1908, Story, Rebreanu_GlasulInimii.txt, 'Liviu Rebreanu - Glasul inimii', 'https://ro.wikisource.org/wiki/Glasul_inimii'
LR - HRMT, 1921, Story, Rebreanu_HoraMortii.txt, 'Liviu Rebreanu - Hora morții', 'https://ro.wikisource.org/wiki/Hora_mor%C8%9Bii'
LR - LRML, 1922, Sketch, Rebreanu_LaUrmaUrmelor.txt, 'Liviu Rebreanu - La urma urmelor…', 'https://ro.wikisource.org/wiki/La_urma_urmelor%E2%80%A6'
LR - MRFM, 1919, Sketch, Rebreanu_AMuritOFemeie.txt, 'Liviu Rebreanu - A murit o femeie...', 'https://ro.wikisource.org/wiki/A_murit_o_femeie...'
LR - MTRS, 1916, Story, Rebreanu_Marturisire.txt, 'Liviu Rebreanu - Mărturisire', 'https://ro.wikisource.org/wiki/M%C4%83rturisire_(Rebreanu)'
LR - NRCL, 1921, Story, Rebreanu_Norocul.txt, 'Liviu Rebreanu - Norocul', 'https://ro.wikisource.org/wiki/Norocul_(Rebreanu)'
LR - NTGR, 1926, Story, Rebreanu_IntaiulGropar.txt, 'Liviu Rebreanu - „Întâiul gropar”', 'https://ro.wikisource.org/wiki/%E2%80%9E%C3%8Ent%C3%A2iul_gropar%E2%80%9D'
LR - NVST, 1911, Story, Rebreanu_Nevasta.txt, 'Liviu Rebreanu - Nevasta', 'https://ro.wikisource.org/wiki/Nevasta_(Rebreanu)'
LR - OFLR, 1908, Story, Rebreanu_Ofilire.txt, 'Liviu Rebreanu - Ofilire', 'https://ro.wikisource.org/wiki/Ofilire'
LR - OMNI, ?, Story, Rebreanu_Oamenii.txt, 'Liviu Rebreanu - Oamenii', 'https://ro.wikisource.org/wiki/Oamenii'
LR - OMOM, 1921, Sketch, Rebreanu_OmulMicSiOameniiMari.txt, 'Liviu Rebreanu - Omul mic și oamenii mari', 'https://ro.wikisource.org/wiki/Omul_mic_%C8%99i_oamenii_mari'
LR - OSCN, 1914, Story, Rebreanu_OScena.txt, 'Liviu Rebreanu - O scenă', 'https://ro.wikisource.org/wiki/O_scen%C4%83'
LR - PDCH, ?, Story, Rebreanu_Paduchii.txt, 'Liviu Rebreanu - Păduchii', 'https://ro.wikisource.org/wiki/P%C4%83duchii'
LR - PFGB, ?, Story, Rebreanu_PantofiiGalbeni.txt, 'Liviu Rebreanu - Pantofii galbeni', 'https://ro.wikisource.org/wiki/Pantofii_galbeni'
LR - PNGS, ?, Story, Rebreanu_Pungasul.txt, 'Liviu Rebreanu - Pungașul', 'https://ro.wikisource.org/wiki/Punga%C8%99ul'
LR - PRST, 1910, Story, Rebreanu_Prostii.txt, 'Liviu Rebreanu - Proștii', 'https://ro.wikisource.org/wiki/Pro%C8%99tii'
LR - PUIA, ?, Story, Rebreanu_Puia.txt, 'Liviu Rebreanu - Puia', 'https://ro.wikisource.org/wiki/Puia'
LR - PZNA, 1919, Sketch, Rebreanu_Pozna.txt, 'Liviu Rebreanu - Pozna', 'https://ro.wikisource.org/wiki/Pozna'
LR - RFIL, 1919, Story, Rebreanu_Rafuiala.txt, 'Liviu Rebreanu - Răfuiala', 'https://ro.wikisource.org/wiki/R%C4%83fuiala'
LR - RNSL, 1914, Story, Rebreanu_RazboiulInsemnarileUnuiSublocotenent.txt, 'Liviu Rebreanu - Războiul. Însemnările unui sublocotenent', 'https://ro.wikisource.org/wiki/R%C4%83zboiul._%C3%8Ensemn%C4%83rile_unui_sublocotenent'
LR - RZBL, ?, Story, Rebreanu_Razboiul.txt, 'Liviu Rebreanu - Războiul', 'https://ro.wikisource.org/wiki/R%C4%83zboiul_(Rebreanu)'
LR - SCSP, 1916, Sketch, Rebreanu_SoacraSfantuluiPetru.txt, 'Liviu Rebreanu - Soacra Sfântului Petru', 'https://ro.wikisource.org/wiki/Soacra_Sf%C3%A2ntului_Petru'
LR - SFST, ?, Story, Rebreanu_Sfarsitul.txt, 'Liviu Rebreanu - Sfârșitul', 'https://ro.wikisource.org/wiki/Sf%C3%A2r%C8%99itul_(Rebreanu)'
LR - STMT, 1912, Sketch, Rebreanu_Stranutarea.txt, 'Liviu Rebreanu - Strănutarea', 'https://ro.wikisource.org/wiki/Str%C4%83nutarea'
LR - STNL, ?, Story, Rebreanu_Sentinela.txt, 'Liviu Rebreanu - Sentinela', 'https://ro.wikisource.org/wiki/Sentinela'
LR - TCSD, 1921, Story, Rebreanu_IticStrulDezertor.txt, 'Liviu Rebreanu - Ițic Ștrul, dezertor...', 'https://ro.wikisource.org/wiki/I%C8%9Bic_%C8%98trul,_dezertor...'
LR - TLRI, 1916, Story, Rebreanu_Talerii.txt, 'Liviu Rebreanu - Talerii', 'https://ro.wikisource.org/wiki/Talerii'
LR - TNBR, ?, Story, Rebreanu_TaineleIubirii.txt, 'Liviu Rebreanu - Tainele iubirii', 'https://ro.wikisource.org/wiki/Tainele_iubirii'
LR - TRCS, 1916, Story, Rebreanu_TaranulSiCoasa.txt, 'Liviu Rebreanu - Țăranul și coasa', 'https://ro.wikisource.org/wiki/%C8%9A%C4%83ranul_%C8%99i_coasa'
LR - UMBR, 1933, Story, Rebreanu_Umbre.txt, 'Liviu Rebreanu - Umbre', 'https://ro.wikisource.org/wiki/Umbre_(Rebreanu)'
LR - VENS, ?, Story, Rebreanu_Venus.txt, 'Liviu Rebreanu - Venus', 'https://ro.wikisource.org/wiki/Venus'
LR - VRMS, 1912, Sketch, Rebreanu_Vrajmasii.txt, 'Liviu Rebreanu - Vrăjmașii', 'https://ro.wikisource.org/wiki/Vr%C4%83jma%C8%99ii'
LR - VRRZ, ?, Story, Rebreanu_VremuriRazboinice.txt, 'Liviu Rebreanu - Vremuri războinice', 'https://ro.wikisource.org/wiki/Vremuri_r%C4%83zboinice'
LR - ZVZL, ?, Story, Rebreanu_Zevzecul.txt, 'Liviu Rebreanu - Zevzecul', 'https://ro.wikisource.org/wiki/Zevzecul'
ME - AMSA, ?, Article/Prose, Eminescu_AurMarireSiAmor.txt, 'Mihai Eminescu - Aur, mărire și amor', 'https://ro.wikisource.org/wiki/Aur,_m%C4%83rire_%C8%99i_amor'
ME - ARCS, ?, Article/Prose, Eminescu_Archaeus.txt, 'Mihai Eminescu - Archaeus', 'https://ro.wikisource.org/wiki/Archaeus'
ME - AVFT, ?, Short-story, Eminescu_AvatariiFaraonuluiTla.txt, 'Mihai Eminescu - Avatarii faraonului Tlà', 'https://ro.wikisource.org/wiki/Avatarii_faraonului_Tl%C3%A0'
ME - BRTV, 1965, Fairy-tale, Eminescu_BortaVantului.txt, 'Mihai Eminescu - Borta-vântului', 'https://www.povesti-pentru-copii.com/mihai-eminescu/borta-vantului.html'
ME - CMMS, ?, Fairy-tale, Eminescu_ComoaraMisterioasa.txt, 'Mihai Eminescu - Comoara misterioasă', 'https://ro.wikisource.org/wiki/Comoara_misterioas%C4%83'
ME - CNBL, 1965, Fairy-tale, Eminescu_CalinNebunul.txt, 'Mihai Eminescu - Călin-Nebunul', 'https://www.povesti-pentru-copii.com/mihai-eminescu/calin-nebunul.html'
ME - CNTP, ?, Article/Essay, Eminescu_Contrapagina.txt, 'Mihai Eminescu - Contrapagină', 'https://ro.wikisource.org/wiki/Contrapagin%C4%83'
ME - CZRA, 1876, Short-story, Eminescu_Cezara.txt, 'Mihai Eminescu - Cezara', 'https://ro.wikisource.org/wiki/Cezara'
ME - DAIM, ?, Article/Prose, Eminescu_DupaAceastaIntamplareMinunata.txt, 'Mihai Eminescu - După această întâmplare minunată', 'https://ro.wikisource.org/wiki/Dup%C4%83_aceast%C4%83_%C3%AEnt%C3%A2mplare_minunat%C4%83'
ME - FFDL, 1965, Fairy-tale, Eminescu_FatFrumosDinLacrima.txt, 'Mihai Eminescu - Făt-Frumos din lacrimă', 'https://www.povesti-pentru-copii.com/mihai-eminescu/fat-frumos-din-lacrima.html'
ME - FNDZ, 1965, Fairy-tale, Eminescu_FinulLuiDumnezeu.txt, 'Mihai Eminescu - Finul-lui-Dumnezeu', 'https://www.povesti-pentru-copii.com/mihai-eminescu/finul-lui-dumnezeu.html'
ME - FRGM, ?, Article/Prose, Eminescu_Fragmentarium.txt, 'Mihai Eminescu - Fragmentarium', 'https://ro.wikisource.org/wiki/Fragmentarium'
ME - FRLM, 1965, Fairy-tale, Eminescu_FrumoasaLumii.txt, 'Mihai Eminescu - Frumoasa lumii', 'https://www.povesti-pentru-copii.com/mihai-eminescu/frumoasa-lumii.html'
ME - GNPS, ?, Novel, Eminescu_GeniuPustiu.txt, 'Mihai Eminescu - Geniu pustiu', 'https://ro.wikisource.org/wiki/Geniu_pustiu'
ME - ICNF, ?, Short-story, Eminescu_IconostasSiFragmentarium.txt, 'Mihai Eminescu - Iconostas și Fragmentarium', 'https://ro.wikisource.org/wiki/Iconostas_%C8%99i_Fragmentarium'
ME - LCCC, ?, Article/Prose, Eminescu_LaCurteaCuconuluiVasileCreanga.txt, 'Mihai Eminescu - La curtea cuconului Vasile Creangă', 'https://ro.wikisource.org/wiki/La_curtea_cuconului_Vasile_Creang%C4%83'
ME - LGCT, ?, Article/Prose, Eminescu_LegendaCantaretului.txt, 'Mihai Eminescu - Legenda cântărețului', 'https://ro.wikisource.org/wiki/Legenda_c%C3%A2nt%C4%83re%C8%9Bului'
ME - LNVS, 1875, Story, Eminescu_LaAniversara.txt, 'Mihai Eminescu - La aniversară', 'https://ro.wikisource.org/wiki/La_aniversar%C4%83'
ME - MLIV, ?, Article/Prose, Eminescu_MoarteaLuiIoanVestimie.txt, 'Mihai Eminescu - Moartea lui Ioan Vestimie', 'https://ro.wikisource.org/wiki/Moartea_lui_Ioan_Vestimie'
ME - MSIS, ?, Article/Prose, Eminescu_MosIosif.txt, 'Mihai Eminescu - Moș Iosif', 'https://ro.wikisource.org/wiki/Mo%C8%99_Iosif'
ME - PECH, ?, Article/Prose, Eminescu_ParinteleErmolachieChisalita.txt, 'Mihai Eminescu - Părintele Ermolachie Chisăliță', 'https://ro.wikisource.org/wiki/P%C4%83rintele_Ermolachie_Chis%C4%83li%C8%9B%C4%83'
ME - POSS, ?, Article/Prose, Eminescu_Poesis.txt, 'Mihai Eminescu - Poesis', 'https://ro.wikisource.org/wiki/Poesis'
ME - PPRC, ?, Article/Prose, Eminescu_PePodeleleReciDeCaramida.txt, 'Mihai Eminescu - Pe podelele reci de cărămidă', 'https://ro.wikisource.org/wiki/Pe_podelele_reci_de_c%C4%83r%C4%83mid%C4%83'
ME - SMDS, 1872, Short-story, Eminescu_SarmanulDionis.txt, 'Mihai Eminescu - Sărmanul Dionis', 'https://ro.wikisource.org/wiki/S%C4%83rmanul_Dionis'
ME - TSNS, ?, Article/Prose, Eminescu_TassoNScotia.txt, 'Mihai Eminescu - Tasso-n Scoția', 'https://ro.wikisource.org/wiki/Tasso-n_Sco%C8%9Bia'
ME - UMBM, ?, Article/Prose, Eminescu_UmbraMea.txt, 'Mihai Eminescu - Umbra mea', 'https://ro.wikisource.org/wiki/Umbra_mea'
ME - VFDZ, 1965, Fairy-tale, Eminescu_VasilieFinulLuiDumnezeu.txt, 'Mihai Eminescu - Vasilie-finul-lui-Dumnezeu', 'https://www.povesti-pentru-copii.com/mihai-eminescu/vasilie-finul-lui-dumnezeu.html'
MO - ABAS, 2010, Short-story, Oltean_AbiaAstept.txt, 'Mihai Oltean - Abia aștept…, http://www.povesti.org/#abia
MO - ADSN, 2022, Short-story, Oltean_ADouaSansa.txt, 'Mihai Oltean - A doua șansă, http://www.povesti.org/#a_doua_sansa
MO - ALGR, 2022, Short-story, Oltean_Alegerea.txt, 'Mihai Oltean - Alegerea, http://www.povesti.org/#alegerea
MO - ANNO, 2010, Short-story, Oltean_AnulNou.txt, ' Mihai Oltean - Anul nou, http://www.povesti.org
MO - AZRL, 2010, Short-story, Oltean_Azorel.txt, 'Mihai Oltean - Azorel, http://www.povesti.org/
MO - BCCR, 2022, Short-story, Oltean_BucuriaCreatiei.txt, 'Mihai Oltean - Bucuria creației, http://www.povesti.org/#bucuria_creatiei
MO - CCIO, 2010, Short-story, Oltean_CineMaiCredeInOm.txt, 'Mihai Oltean - Cine mai crede în om, http://www.povesti.org/
MO - CIOB, 2010, Short-story, Oltean_CeSeIntamplaCuOameniiBatrani.txt, 'Mihai Oltean - Ce se întâmplă cu oamenii bătrâni?, http://www.povesti.org/#batrani
MO - DCMR, 2010, Short-story, Oltean_DeCeMurim.txt, 'Mihai Oltean - De ce murim?, http://www.povesti.org
MO - DONM, 2022, Short-story, Oltean_DoarOInmormantare.txt, 'Mihai Oltean - Doar o înmormântare, http://www.povesti.org/#doar_o_inmormantare
MO - DRDP, 2022, Short-story, Oltean_DragosteDePloaie.txt, 'Mihai Oltean - Dragoste de ploaie, http://www.povesti.org/
MO - DRFR, 2010, Short-story, Oltean_DragosteFurata.txt, 'Mihai Oltean - Dragoste furată, http://www.povesti.org
MO - EXIM, 2013, Short-story, Oltean_ExercitiuDeImaginatie.txt, 'Mihai Oltean - Exercițiu de imaginație, http://www.povesti.org/#exercitiu
MO - FRSF, 2022, Short-story, Oltean_FarmacistaSufletului.txt, 'Mihai Oltean - Farmacista sufletului, http://www.povesti.org/#farmacista
MO - GCOA, 2022, Short-story, Oltean_GainaCuOuaDeAur.txt, 'Mihai Oltean - Găina cu ouă de aur, http://www.povesti.org/#gaina
MO - ICTF, 2022, Short-story, Oltean_InCautareaFericirii.txt, 'Mihai Oltean - În căutarea fericirii, http://www.povesti.org/#in_cautarea_fericirii
MO - ICTP, 2022, Short-story, Oltean_InCautareaParadisului.txt, 'Mihai Oltean - În căutarea Paradisului, http://www.povesti.org/#in_cautarea_paradisului
MO - IDLL, 2012, Short-story, Oltean_Idealul.txt, 'Mihai Oltean - Idealul, http://www.povesti.org/
MO - INCM, 2022, Short-story, Oltean_InchisoareaMintii.txt, 'Mihai Oltean - Închisoarea minții, http://www.povesti.org/#inchisoarea
MO - LGCF, 2022, Short-story, Oltean_LegendaCafelei.txt, ' Mihai Oltean - Legenda cafelei, http://www.povesti.org/#legenda_cafelei
MO - LNRG, 2010, Short-story, Oltean_LinisteRegala.txt, 'Mihai Oltean - Linişte regală, http://www.povesti.org
MO - MAMA, 2022, Short-story, Oltean_Mama.txt, 'Mihai Oltean - Mama, http://www.povesti.org/#mama
MO - MSCR, 2010, Short-story, Oltean_MosCraciun.txt, 'Mihai Oltean - Moș Crăciun, http://www.povesti.org/#mos_craciun
MO - NSNU, 2022, Short-story, Oltean_NuSiNuuuuuuuuuuuuuu.txt, 'Mihai Oltean - Nu și Nuuuuuuuuuuuuuu, http://www.povesti.org/
MO - PTCR, 2022, Short-story, Oltean_PiatraCraiului.txt, 'Mihai Oltean - Piatra Craiului, http://www.povesti.org/#piatra_craiului
MO - PTVT, 2022, Short-story, Oltean_PretulVietii.txt, 'Mihai Oltean - Prețul vieții, http://www.povesti.org/#pretul_vietii
MO - SMCM, 2013, Short-story, Oltean_SomcutaMare.txt, 'Mihai Oltean - Șomcuta Mare, http://www.povesti.org/#somcuta
MO - SPTA, 2010, Short-story, Oltean_Soapta.txt, 'Mihai Oltean - Șoapta, http://www.povesti.org/
MO - TNLL, 2022, Short-story, Oltean_Tunelul.txt, 'Mihai Oltean - Tunelul, http://www.povesti.org/#tunelul
MO - ULTC, 2022, Short-story, Oltean_UltimulCadou.txt, 'Mihai Oltean - Ultimul cadou, http://www.povesti.org/#ultimul_cadou
MO - VTMC, 2022, Short-story, Oltean_VitaminaC.txt, 'Mihai Oltean - Vitamina C, http://www.povesti.org/#vitamina_c
MO - ZAPC, 2022, Short-story, Oltean_ZiuaApocalipsei.txt, 'Mihai Oltean - Ziua Apocalipsei, http://www.povesti.org/#ziua_apocalipsei
NE - CPPC, ?, Short-story, Necunoscut_CelePatruPiersici.txt, 'autor necunoscut - Cele patru piersici', 'https://anidescoala.ro/divertisment/povesti/povesti-populare/cele-patru-piersici-autor-necunoscut/'
NE - MCNT, ?, Short-story, Necunoscut_ImparatulCelIntelept.txt, 'autor necunoscut - Impăratul cel înţelept', 'https://anidescoala.ro/divertisment/povesti/povesti-populare/imparatul-cel-intelept-autor-necunoscut/'
NE - VFLB, ?, Short-story, Necunoscut_ViataCaUnFlutureAlbastru.txt, 'autor necunoscut - Viața ca un fluture albastru', 'https://anidescoala.ro/divertisment/povesti/povesti-populare/viata-ca-un-fluture-albastru-autor-necunoscut/'
NF - ASEL, 1860, Short-story, Filimon_AscanioSiEleonora.txt, 'Nicolae Filimon - Ascanio și Eleonora', 'https://ro.wikisource.org/wiki/Ascanio_%C8%99i_Eleonora'
NF - ASRM, 1861, Article-Theatrical-Chronicle, Filimon_ArteleSiStiintileInRomania.txt, 'Nicolae Filimon - Artele și științile în România', 'https://ro.wikisource.org/wiki/Artele_%C8%99i_%C8%99tiin%C8%9Bile_%C3%AEn_Rom%C3%A2nia'
NF - BBHR, 1861, Article-Theatrical-Chronicle, Filimon_BabaHirca.txt, 'Nicolae Filimon - Baba Hîrca. Operă română în două acte de d. Millo', 'https://ro.wikisource.org/wiki/Baba_H%C3%AErca._Oper%C4%83_rom%C3%A2n%C4%83_%C3%AEn_dou%C4%83_acte_de_d._Millo'
NF - BBSV, 1860, Article-Theatrical-Chronicle, Filimon_IlBarbiereDiSevilla.txt, 'Nicolae Filimon - Il barbiere di Sevilla. Melodramă comică în două acte', 'https://ro.wikisource.org/wiki/Il_barbiere_di_Sevilla._Melodram%C4%83_comic%C4%83_%C3%AEn_dou%C4%83_acte'
NF - CCDD, 1863, Novel, Filimon_CiocoiiVechiSiNoi-CheraDuduca.txt, 'Nicolae Filimon - Ciocoii vechi și noi/Chera Duduca', 'https://ro.wikisource.org/wiki/Ciocoii_vechi_%C8%99i_noi/Chera_Duduca'
NF - CDNP, 1863, Novel, Filimon_CiocoiiVechiSiNoi-DinuPaturica.txt, 'Nicolae Filimon - Ciocoii vechi și noi/Dinu Păturică', 'https://ro.wikisource.org/wiki/Ciocoii_vechi_%C8%99i_noi/Dinu_P%C4%83turic%C4%83'
NF - CEDC, 1863, Novel, Filimon_CiocoiiVechiSiNoi-EducatiuneaCiocoiului.txt, 'Nicolae Filimon - Ciocoii vechi și noi/Educațiunea ciocoiului', 'https://ro.wikisource.org/wiki/Ciocoii_vechi_%C8%99i_noi/Educa%C8%9Biunea_ciocoiului'
NF - CIIL, 1863, Novel, Filimon_CiocoiiVechiSiNoi-IpocritiiInLupta.txt, 'Nicolae Filimon - Ciocoii vechi și noi/Ipocriții în luptă', 'https://ro.wikisource.org/wiki/Ciocoii_vechi_%C8%99i_noi/Ipocri%C8%9Bii_%C3%AEn_lupt%C4%83'
NF - CNDU, 1862, Short-story, Filimon_OCantatritaDeUlita.txt, 'Nicolae Filimon - O cantatriță de uliță', 'https://ro.wikisource.org/wiki/O_cantatri%C8%9B%C4%83_de_uli%C8%9B%C4%83'
NF - CPAT, 1863, Novel, Filimon_CiocoiiVechiSiNoi-PostelniculAndronacheTuzluc.txt, 'Nicolae Filimon - Ciocoii vechi și noi/Postelnicul Andronache Tuzluc', 'https://ro.wikisource.org/wiki/Ciocoii_vechi_%C8%99i_noi/Postelnicul_Andronache_Tuzluc'
NF - CRSF, 1863, Novel, Filimon_CiocoiiVechiSiNoi-RomanulSiFanariotul.txt, 'Nicolae Filimon - Ciocoii vechi și noi/Românul și fanariotul', 'https://ro.wikisource.org/wiki/Ciocoii_vechi_%C8%99i_noi/Rom%C3%A2nul_%C8%99i_fanariotul'
NF - DNPQ, ?, Article-Theatrical-Chronicle, Filimon_DonPasqualeOperaComicaInTreiActe.txt, 'Nicolae Filimon - Don Pasquale. Operă comică în trei acte', 'https://ro.wikisource.org/wiki/Don_Pasquale._Oper%C4%83_comic%C4%83_%C3%AEn_trei_acte'
NF - DNTI, ?, Article-Theatrical-Chronicle, Filimon_DespreNouaTrupaItaliana.txt, 'Nicolae Filimon - Despre noua trupă italiană', 'https://ro.wikisource.org/wiki/Despre_noua_trup%C4%83_italian%C4%83'
NF - DTI2, 1857?, Article-Theatrical-Chronicle, Filimon_DespreTeatrulItalian2.txt, 'Nicolae Filimon - Despre teatrul italian (2)', 'https://ro.wikisource.org/wiki/Despre_teatrul_italian_(2)'
NF - DTII, 1858, Article-Theatrical-Chronicle, Filimon_DespreTeatrulItalianImpresiuni1858.txt, 'Nicolae Filimon - Despre teatrul italian. Impresiuni din sezonul anului 1858', 'https://ro.wikisource.org/wiki/Despre_teatrul_italian._Impresiuni_din_sezonul_anului_1858'
NF - DTIT, 1857?, Article-Theatrical-Chronicle, Filimon_DespreTeatrulItalian.txt, 'Nicolae Filimon - Despre teatrul italian', 'https://ro.wikisource.org/wiki/Despre_teatrul_italian'
NF - ERNN, 1857, Article-Theatrical-Chronicle, Filimon_ErnaniOperaSerieIn4Acte.txt, 'Nicolae Filimon - Ernani. Operă serie în 4 acte', 'https://ro.wikisource.org/wiki/Ernani._Oper%C4%83_serie_%C3%AEn_4_acte'
NF - GDPM, ?, Article-Musical-Chronicle, Filimon_GhibeliniSiGuelfiSauDiferitePartideMuzicale.txt, 'Nicolae Filimon - Ghibelini și guelfi sau diferite partide muzicale', 'https://ro.wikisource.org/wiki/Ghibelini_%C8%99i_guelfi_sau_diferite_partide_muzicale'
NF - ICAI, ?, Article-Musical-Chronicle, Filimon_InfluentaCometuluiAsupraArtistilor.txt, 'Nicolae Filimon - Influența cometului asupra artiștilor de la opera italiană', 'https://ro.wikisource.org/wiki/Influen%C8%9Ba_cometului_asupra_arti%C8%99tilor_de_la_opera_italian%C4%83'
NF - IOFD, ?, Article-Musical-Chronicle, Filimon_ImpresiuniDeLaOperaFavoritaDeDonizetti.txt, 'Nicolae Filimon - Impresiuni de la opera Favorita de Donizetti', 'https://ro.wikisource.org/wiki/Impresiuni_de_la_opera_Favorita_de_Donizetti'
NF - JCBN, ?, Article, Filimon_JoculBanatean.txt, 'Nicolae Filimon - Jocul bănățean', 'https://ro.wikisource.org/wiki/Jocul_b%C4%83n%C4%83%C8%9Bean'
NF - LCDL, ?, Article-Theatrical-Chronicle, Filimon_LuciaDiLammermoor.txt, 'Nicolae Filimon - Lucia di Lammermoor. Dramă în trei acte de Salvatore Cammarano', 'https://ro.wikisource.org/wiki/Lucia_di_Lammermoor._Dram%C4%83_%C3%AEn_trei_acte_de_Salvatore_Cammarano'
NF - LTCL, ?, Article, Filimon_LautariiSiCompozitiunileLor.txt, 'Nicolae Filimon - Lăutarii și compozițiunile lor', 'https://ro.wikisource.org/wiki/L%C4%83utarii_%C8%99i_compozi%C8%9Biunile_lor'
NF - MTCP, 1858, Short-story, Filimon_MateoCipriani.txt, 'Nicolae Filimon - Mateo Cipriani', 'https://ro.wikisource.org/wiki/Mateo_Cipriani'
NF - NUSM, 1861, Short-story, Filimon_NenorocirileUnuiSlujnicarSauGentilomiiDeMahala.txt, 'Nicolae Filimon - Nenorocirile unui slujnicar sau gentilomii de mahala', 'https://ro.wikisource.org/wiki/Nenorocirile_unui_slujnicar_sau_gentilomii_de_mahala'
NF - OBMD, ?, Short-story, Filimon_OrasulBergamoSiMonumentulMaestruluiGDonizetti.txt, 'Nicolae Filimon - Orașul Bergamo și monumentul maestrului G. Donizetti', 'https://ro.wikisource.org/wiki/Ora%C8%99ul_Bergamo_%C8%99i_monumentul_maestrului_G._Donizetti'
NF - ODPT, 1862, Fairy-tale, Filimon_OmulDePiatra.txt, 'Nicolae Filimon - Omul de piatră', 'https://www.povesti-pentru-copii.com/nicolae-filimon/omul-de-piatra.html'
NF - OFBM, 1862, Fairy-tale, Filimon_OmulDeFloriCuBarbaDeMatase.txt, 'Nicolae Filimon - Omul-de-flori-cu-barba-de-mătase sau povestea lui Făt-Frumos', 'https://www.povesti-pentru-copii.com/nicolae-filimon/omul-de-flori-cu-barba-de-matase-sau-povestea-lui-fat-frumos.html'
NF - PNDA, 1857, Article-Musical-Chronicle, Filimon_ParalelismIntreFostaDirectiuneSiCeleDeAstazi.txt, 'Nicolae Filimon - Paralelism între fosta direcțiune și cele de astăzi', 'https://ro.wikisource.org/wiki/Paralelism_%C3%AEntre_fosta_direc%C8%9Biune_%C8%99i_cele_de_ast%C4%83zi'
NF - RMNZ, 1862, Fairy-tale, Filimon_RomanNazdravan.txt, 'Nicolae Filimon - Roman Năzdrăvan', 'https://www.povesti-pentru-copii.com/nicolae-filimon/roman-nazdravan.html'
NF - SBBO, ?, Article-Theatrical-Chronicle, Filimon_SchitaBiograficaAsupraMaestruluiBellini.txt, 'Nicolae Filimon - Schiță biografică asupra maestrului Bellini și a operilor sale', 'https://ro.wikisource.org/wiki/Schi%C8%9B%C4%83_biografic%C4%83_asupra_maestrului_Bellini_%C8%99i_a_operilor_sale'
NF - SBVP, ?, Article-Musical-Chronicle, Filimon_SchitaBiograficaAsupraCelebruluiViolonistPaganini.txt, 'Nicolae Filimon - Schiță biografică asupra celebrului violonist Paganini', 'https://ro.wikisource.org/wiki/Schi%C8%9B%C4%83_biografic%C4%83_asupra_celebrului_violonist_Paganini'
NF - SSMV, ?, Article-Musical-Chronicle, Filimon_SchiteTraseDinViataSiScrierileMuzicaleVerdi.txt, 'Nicolae Filimon - Schițe trase din viața și scrierile muzicale ale celebrului maestru G. Verdi', 'https://ro.wikisource.org/wiki/Schi%C8%9Be_trase_din_via%C8%9Ba_%C8%99i_scrierile_muzicale_ale_celebrului_maestru_G._Verdi'
NF - SVSD, ?, Article-Musical-Chronicle, Filimon_SchitaDinViataSiScrierileDonizetti.txt, 'Nicolae Filimon - Schiță din viața și scrierile celebrului maestru Donizetti', 'https://ro.wikisource.org/wiki/Schi%C8%9B%C4%83_din_via%C8%9Ba_%C8%99i_scrierile_celebrului_maestru_Donizetti'
PI - ALIM, 1882, Fairy-tale, Ispirescu_AleodorImparat.txt, 'Petre Ispirescu - Aleodor împărat', 'https://www.povesti-pentru-copii.com/petre-ispirescu/aleodor-imparat.html'
PI - BBGH, 1882, Fairy-tale, Ispirescu_BaiatulCelBubosSiGhigortul.txt, 'Petre Ispirescu - Băiatul cel bubos şi ghigorţul', 'https://www.povesti-pentru-copii.com/petre-ispirescu/baiatul-cel-bubos-si-ghigortul.html'
PI - BCSC, 1882, Fairy-tale, Ispirescu_BalaurulCelCuSapteCapete.txt, 'Petre Ispirescu - Balaurul cel cu şapte capete', 'https://www.povesti-pentru-copii.com/petre-ispirescu/balaurul-cel-cu-sapte-capete.html'
PI - BTCF, 1882, Fairy-tale, Ispirescu_BroascaTestoasaCeaFermecata.txt, 'Petre Ispirescu - Broasca ţestoasă cea fermecată', 'https://www.povesti-pentru-copii.com/petre-ispirescu/broasca-testoasa-cea-fermecata.html'
PI - CCIS, ?, Story, Ispirescu_CopilulCelIstet.txt, 'Petre Ispirescu - ​Copilul cel isteț', 'https://povesti-ro.weebly.com/copilul-cel-istet-poveste-petre-ispirescu.html'
PI - CITB, 1882, Fairy-tale, Ispirescu_CiobanasulCelIstetSauTurloaieleBlendei.txt, 'Petre Ispirescu - Ciobănaşul cel isteţ sau ţurloaiele blendei', 'https://www.povesti-pentru-copii.com/petre-ispirescu/ciobanasul-cel-istet-sau-turloaiele-blendei.html'
PI - CIVL, 1882, Fairy-tale, Ispirescu_CopiiiVaduvuluiSiIepureleVulpeaLupulSiUrsul.txt, 'Petre Ispirescu - Copiii văduvului şi iepurele vulpea lupul şi ursul', 'https://www.povesti-pentru-copii.com/petre-ispirescu/copiii-vaduvului-si-iepurele-vulpea-lupul-si-ursul.html'
PI - CTFI, 1882, Fairy-tale, Ispirescu_CeiTreiFratiImparati.txt, 'Petre Ispirescu - Cei trei fraţi împăraţi', 'https://www.povesti-pentru-copii.com/petre-ispirescu/cei-trei-frati-imparati.html'
PI - CTNZ, 1882, Fairy-tale, Ispirescu_CotosmanNazdravanu.txt, 'Petre Ispirescu - Cotoşman năzdrăvanu', 'https://www.povesti-pentru-copii.com/petre-ispirescu/cotosman-nazdravanu.html'
PI - CTRA, 1882, Fairy-tale, Ispirescu_CeleTreiRodiiAurite.txt, 'Petre Ispirescu - Cele trei rodii aurite', 'https://www.povesti-pentru-copii.com/petre-ispirescu/cele-trei-rodii-aurite.html'
PI - DFPF, 1882, Fairy-tale, Ispirescu_CeleDouasprezeceFeteDeImparatSiPalatulCelFermecat.txt, 'Petre Ispirescu - Cele douăsprezece fete de împărat şi palatul cel fermecat', 'https://www.povesti-pentru-copii.com/petre-ispirescu/cele-douasprezece-fete-de-imparat-si-palatul-cel-fermecat.html'
PI - DVCR, 1883, Fairy-tale, Ispirescu_AdvocatulGonitDinRai.txt, 'Petre Ispirescu - Advocatul gonit din rai', 'https://ro.wikisource.org/wiki/Advocatul_gonit_din_rai'
PI - FFCR, 1882, Fairy-tale, Ispirescu_FatFrumosCelRatacit.txt, 'Petre Ispirescu - Făt-Frumos cel rătăcit', 'https://www.povesti-pentru-copii.com/petre-ispirescu/fat-frumos-cel-ratacit.html'
PI - FFCS, 1882, Fairy-tale, Ispirescu_FatFrumosCuCarataDeSticla.txt, 'Petre Ispirescu - Făt-Frumos cu carâta de sticlă', 'https://www.povesti-pentru-copii.com/petre-ispirescu/fat-frumos-cu-carata-de-sticla.html'
PI - FFPA, 1882, Fairy-tale, Ispirescu_FatFrumosCuParulDeAur.txt, ' Petre Ispirescu - Făt-Frumos cu părul de aur', 'https://www.povesti-pentru-copii.com/petre-ispirescu/fat-frumos-cu-parul-de-aur.html'
PI - FIFV, 1882, Fairy-tale, Ispirescu_FataDeImparatSiFiulVaduvei.txt, 'Petre Ispirescu - Fata de împărat şi fiul văduvei', 'https://www.povesti-pentru-copii.com/petre-ispirescu/fata-de-imparat-si-fiul-vaduvei.html'
PI - FMCC, 1882, Fairy-tale, Ispirescu_FataMosuluiCeaCuminte.txt, 'Petre Ispirescu - Fata moşului cea cuminte', 'https://www.povesti-pentru-copii.com/petre-ispirescu/fata-mosului-cea-cuminte.html'
PI - FSCI, 1882, Fairy-tale, Ispirescu_FataSaraculuiCeaIsteata.txt, 'Petre Ispirescu - Fata săracului cea isteaţă', 'https://www.povesti-pentru-copii.com/petre-ispirescu/fata-saracului-cea-isteata.html'
PI - FTPR, 1882, Fairy-tale, Ispirescu_FataCuPiezeRele.txt, 'Petre Ispirescu - Fata cu pieze rele', 'https://www.povesti-pentru-copii.com/petre-ispirescu/fata-cu-pieze-rele.html'
PI - GCVZ, 1882, Fairy-tale, Ispirescu_GeorgeCelViteaz.txt, 'Petre Ispirescu - George cel viteaz', 'https://www.povesti-pentru-copii.com/petre-ispirescu/george-cel-viteaz.html'
PI - GNRS, 1882, Fairy-tale, Ispirescu_Gainareasa.txt, 'Petre Ispirescu - Găinăreasa', 'https://www.povesti-pentru-copii.com/petre-ispirescu/gainareasa.html'
PI - GRCN, 1882, Fairy-tale, Ispirescu_Greuceanu.txt, 'Petre Ispirescu - Greuceanu', 'https://www.povesti-pentru-copii.com/petre-ispirescu/greuceanu.html'
PI - HTIM, 1882, Fairy-tale, Ispirescu_HotuImparat.txt, 'Petre Ispirescu - Hoţu împărat', 'https://www.povesti-pentru-copii.com/petre-ispirescu/hotu-imparat.html'
PI - ILSZ, 1882, Fairy-tale, Ispirescu_IleanaSimziana.txt, 'Petre Ispirescu - Ileana Simziana', 'https://www.povesti-pentru-copii.com/petre-ispirescu/ileana-simziana.html'
PI - ITMT, 1882, Fairy-tale, Ispirescu_InsirTeMargaritari.txt, 'Petre Ispirescu - Înşir-te mărgăritari', 'https://www.povesti-pentru-copii.com/petre-ispirescu/insir-te-margaritari.html'
PI - LNFF, 1882, Fairy-tale, Ispirescu_LupulCelNazdravanSiFatFrumos.txt, 'Petre Ispirescu - Lupul cel năzdrăvan şi Făt-Frumos', 'https://www.povesti-pentru-copii.com/petre-ispirescu/lupul-cel-nazdravan-si-fat-frumos.html'
PI - LZLN, 1882, Fairy-tale, Ispirescu_LuceafarulDeZiuaSiLuceafarulDeNoapte.txt, 'Petre Ispirescu - Luceafărul de ziuă şi luceafărul de noapte', 'https://www.povesti-pentru-copii.com/petre-ispirescu/luceafarul-de-ziua-si-luceafarul-de-noapte.html'
PI - NVSS, 1882, Fairy-tale, Ispirescu_NumaiCuViteleSeScoateSaraciaDinCasa.txt, 'Petre Ispirescu - Numai cu vitele se scoate sărăcia din casă', 'https://www.povesti-pentru-copii.com/petre-ispirescu/numai-cu-vitele-se-scoate-saracia-din-casa.html'
PI - PCFC, 1882, Fairy-tale, Ispirescu_PorculCelFermecat.txt, 'Petre Ispirescu - Porcul cel fermecat', 'https://www.povesti-pentru-copii.com/petre-ispirescu/porcul-cel-fermecat.html'
PI - PSMT, 1882, Fairy-tale, Ispirescu_PasareaMaiastra.txt, 'Petre Ispirescu - Pasărea măiastră', 'https://www.povesti-pentru-copii.com/petre-ispirescu/pasarea-maiastra.html'
PI - PVMA, 1882, Fairy-tale, Ispirescu_PrasleaCelVoinicSiMereleDeAur.txt, 'Petre Ispirescu - Prâslea cel voinic şi merele de aur', 'https://www.povesti-pentru-copii.com/petre-ispirescu/praslea-cel-voinic-si-merele-de-aur.html'
PI - PVTN, 1882, Fairy-tale, Ispirescu_PovesteTaraneasca.txt, 'Petre Ispirescu - Poveste ţărănească', 'https://www.povesti-pentru-copii.com/petre-ispirescu/poveste-taraneasca.html'
PI - SRBC, 1882, Fairy-tale, Ispirescu_SareaInBucate.txt, 'Petre Ispirescu - Sarea în bucate', 'https://www.povesti-pentru-copii.com/petre-ispirescu/sarea-in-bucate.html'
PI - TBVM, 1882, Fairy-tale, Ispirescu_TinereteFaraBatraneteSiViataFaraDeMoarte.txt, 'Petre Ispirescu - Tinereţe fără bătrâneţe şi viaţă fără de moarte', 'https://www.povesti-pentru-copii.com/petre-ispirescu/tinerete-fara-batranete-si-viata-fara-de-moarte.html'
PI - TFUM, 1882, Fairy-tale, Ispirescu_TuguleaFiulUnchiasuluiSiAlMatusei.txt, 'Petre Ispirescu - Ţugulea fiul unchiaşului şi al mătuşei', 'https://www.povesti-pentru-copii.com/petre-ispirescu/tugulea-fiul-unchiasului-si-al-matusei.html'
PI - TPSP, ?, Short-story, Ispirescu_TapulSiSarpele.txt, 'Petre Ispirescu - Țapul și șarpele', 'https://povesti-ro.weebly.com/tapul-si-sarpele-de-petre-ispirescu.html'
PI - VCFT, 1882, Fairy-tale, Ispirescu_VoiniculCelFaraDeTata.txt, 'Petre Ispirescu - Voinicul cel fără de tată', 'https://www.povesti-pentru-copii.com/petre-ispirescu/voinicul-cel-fara-de-tata.html'
PI - VCMN, 1882, Fairy-tale, Ispirescu_VoiniculCelCuCarteaInManaNascut.txt, 'Petre Ispirescu - Voinicul cel cu cartea în mână născut', 'https://www.povesti-pentru-copii.com/petre-ispirescu/voinicul-cel-cu-cartea-in-mana-nascut.html'
PI - ZNMT, 1882, Fairy-tale, Ispirescu_ZanaMuntilor.txt, 'Petre Ispirescu - Zâna munţilor', 'https://www.povesti-pentru-copii.com/petre-ispirescu/zana-muntilor.html'
PI - ZNZN, 1882, Fairy-tale, Ispirescu_ZanaZanelor.txt, 'Petre Ispirescu - Zâna zânelor', 'https://www.povesti-pentru-copii.com/petre-ispirescu/zana-zanelor.html'
